A/C,Type,MSN,Operator,Grounded,Export
SE-RSF,A350-941,nan,SAS Airlines,False,08/10/2026 - 10:01
B-323H,A350-941,nan,China Eastern Airlines,False,08/10/2026 - 10:01
JA07XJ,A350-941,nan,Japan Airlines,False,08/10/2026 - 10:01
B-324X,A350-941,nan,China Eastern Airlines,True,08/10/2026 - 10:01
TC-LGG,A350-941,nan,Turkish Airlines,False,08/10/2026 - 10:01
TC-LGH,A350-941,nan,Turkish Airlines,False,08/10/2026 - 10:01
TC-LGC,A350-941,nan,Turkish Airlines,False,08/10/2026 - 10:01
TC-LGI,A350-941,nan,Turkish Airlines,False,08/10/2026 - 10:01
G-VRNB,A350-1041,nan,Virgin Atlantic Airways,False,08/10/2026 - 10:01
B-LRK,A350-941,70,Cathay Pacific,False,08/10/2026 - 10:01
B-LRJ,A350-941,61,Cathay Pacific,False,08/10/2026 - 10:01
B-LRR,A350-941,119,Cathay Pacific,False,08/10/2026 - 10:01
B-LRP,A350-941,101,Cathay Pacific,False,08/10/2026 - 10:01
B-LRQ,A350-941,109,Cathay Pacific,False,08/10/2026 - 10:01
A6-XWA,A350-1041,nan,Etihad Airways,False,08/10/2026 - 10:01
OH-LWC,A350-941,20,Finnair,True,08/10/2026 - 10:01
OH-LWO,A350-941,nan,Finnair,False,08/10/2026 - 10:01
OH-LWK,A350-941,113,Finnair,False,08/10/2026 - 10:01
OH-LWM,A350-941,nan,Finnair,False,08/10/2026 - 10:01
9V-SHC,A350-941,nan,Singapore Airlines,False,08/10/2026 - 10:01
9V-SHH,A350-941,nan,Singapore Airlines,True,08/10/2026 - 10:01
9V-SHK,A350-941,nan,Singapore Airlines,False,08/10/2026 - 10:01
B-18902,A350-941,57,China Airlines,False,08/10/2026 - 10:01
B-304D,A350-941,nan,China Eastern Airlines,False,08/10/2026 - 10:01
B-307C,A350-941,nan,Air China,False,08/10/2026 - 10:01
B-308M,A350-941,nan,Air China,False,08/10/2026 - 10:01
B-30CW,A350-941,373,China Eastern Airlines,False,08/10/2026 - 10:01
HL8359,A350-941,nan,Asiana Airlines,False,08/10/2026 - 10:01
HL8382,A350-941,nan,Asiana Airlines,False,08/10/2026 - 10:01
F-HTYC,A350-941,359,Air France,False,08/10/2026 - 10:01
F-HTYF,A350-941,nan,Air France,False,08/10/2026 - 10:01
F-HTYN,A350-941,nan,Air France,False,08/10/2026 - 10:01
F-HTYQ,A350-941,nan,Air France,False,08/10/2026 - 10:01
B-LRU,A350-941,148,Cathay Pacific,False,08/10/2026 - 10:01
B-LXE,A350-1041,nan,Cathay Pacific,False,08/10/2026 - 10:01
B-LQA,A350-941,nan,Cathay Pacific,False,08/10/2026 - 10:01
B-LQF,A350-941,nan,Cathay Pacific,False,08/10/2026 - 10:01
G-XWBK,A350-1041,nan,British Airways,False,08/10/2026 - 10:01
A7-AOA,A350-1041,409,Qatar Airways,False,08/10/2026 - 10:01
A7-ALZ,A350-941,12,Qatar Airways,False,08/10/2026 - 10:01
A7-ALX,A350-941,126,Qatar Airways,False,08/10/2026 - 10:01
A7-ANL,A350-1041,nan,Qatar Airways,False,08/10/2026 - 10:01
A7-ANM,A350-1041,nan,Qatar Airways,False,08/10/2026 - 10:01
A7-ANJ,A350-1041,nan,Qatar Airways,False,08/10/2026 - 10:01
A7-ANK,A350-1041,332,Qatar Airways,False,08/10/2026 - 10:01
A7-ANI,A350-1041,nan,Qatar Airways,False,08/10/2026 - 10:01
A7-ANF,A350-1041,161,Qatar Airways,True,08/10/2026 - 10:01
A7-ANG,A350-1041,nan,Qatar Airways,False,08/10/2026 - 10:01
A7-AND,A350-1041,nan,Qatar Airways,False,08/10/2026 - 10:01
A7-ANC,A350-1041,nan,Qatar Airways,False,08/10/2026 - 10:01
A7-ANA,A350-1041,88,Qatar Airways,False,08/10/2026 - 10:01
A7-ANO,A350-1041,nan,Qatar Airways,False,08/10/2026 - 10:01
A7-ANN,A350-1041,356,Qatar Airways,False,08/10/2026 - 10:01
N513DZ,A350-941,277,Delta Air Lines,False,08/10/2026 - 10:01
A7-ALT,A350-941,90,Qatar Airways,False,08/10/2026 - 10:01
A7-ALU,A350-941,100,Qatar Airways,False,08/10/2026 - 10:01
A7-ALP,A350-941,69,Qatar Airways,False,08/10/2026 - 10:01
HS-THH,A350-941,142,Thai Airways,False,08/10/2026 - 10:01
HS-THC,A350-941,50,Thai Airways,False,08/10/2026 - 10:01
A7-AMJ,A350-941,237,Qatar Airways,False,08/10/2026 - 10:01
A7-AME,A350-941,nan,Qatar Airways,False,08/10/2026 - 10:01
A7-ALE,A350-941,8,Qatar Airways,False,08/10/2026 - 10:01
A7-ALC,A350-941,9,Qatar Airways,False,08/10/2026 - 10:01
A7-ALD,A350-941,10,Qatar Airways,False,08/10/2026 - 10:01
A7-ALA,A350-941,6,Qatar Airways,False,08/10/2026 - 10:01
A7-ALH,A350-941,12,Qatar Airways,False,08/10/2026 - 10:01
A7-ALI,A350-941,21,Qatar Airways,False,08/10/2026 - 10:01
A7-ALG,A350-941,13,Qatar Airways,False,08/10/2026 - 10:01
D-AIXK,A350-941,212,Lufthansa,False,08/10/2026 - 10:01
D-AIXL,A350-941,255,Lufthansa,False,08/10/2026 - 10:01
RP-C3501,A350-941,nan,Philippine Airlines,False,08/10/2026 - 10:01
N508DN,A350-941,190,Delta Air Lines,False,08/10/2026 - 10:01
JA15XJ,A350-941,nan,Japan Airlines,True,08/10/2026 - 10:01
B-1082,A350-941,nan,Air China,False,08/10/2026 - 10:01
JA10XJ,A350-941,nan,Japan Airlines,False,08/10/2026 - 10:01
9V-SGF,A350-941,nan,Singapore Airlines,False,08/10/2026 - 10:01
9V-SGG,A350-941,nan,Singapore Airlines,False,08/10/2026 - 10:01
G-VJAM,A350-1041,nan,Virgin Atlantic Airways,False,08/10/2026 - 10:01
9V-SMD,A350-941,37,Singapore Airlines,True,08/10/2026 - 10:01
9V-SMH,A350-941,68,Singapore Airlines,False,08/10/2026 - 10:01
9V-SME,A350-941,41,Singapore Airlines,False,08/10/2026 - 10:01
9V-SMP,A350-941,122,Singapore Airlines,False,08/10/2026 - 10:01
9V-SMS,A350-941,158,Singapore Airlines,False,08/10/2026 - 10:01
9V-SMM,A350-941,99,Singapore Airlines,False,08/10/2026 - 10:01
EC-NDR,A350-941,nan,Iberia Airlines,False,08/10/2026 - 10:01
G-VDOT,A350-1041,nan,Virgin Atlantic Airways,True,08/10/2026 - 10:01
EC-MXV,A350-941,nan,Iberia Airlines,False,08/10/2026 - 10:01
EC-NXD,A350-941,nan,Iberia Airlines,False,08/10/2026 - 10:01
EC-NBO,A350-941,293,Evelop Airlines,False,08/10/2026 - 10:01
F-HREU,A350-941,5,French Bee,False,08/10/2026 - 10:01
HL7578,A350-941,144,Asiana Airlines,False,08/10/2026 - 10:01
F-HMIX,A350-1041,nan,French Bee,False,08/10/2026 - 10:01
